<?xml version="1.0"?>

<config xmlns:xsi="http://www.w3.org/2001/XMLSchema-instance" xsi:noNamespaceSchemaLocation="urn:magento:module:Magento_Config:etc/system_file.xsd">
    <system>
        <section id="system">
            <group id="nettelo_access_token" sortOrder="999" translate="label comment" showInDefault="1" showInWebsite="0" showInStore="0">
                <label>Nettelo Access Token</label>             
 
                <field id="access_token" translate="label comment" type="text" sortOrder="20" showInDefault="1" showInWebsite="0" showInStore="0">
                <label>Access_Token</label>
                </field>
 
                
            </group>
        </section>
    </system>
</config>