<?xml version="1.0"?>
<config xmlns:xsi="http://www.w3.org/2001/XMLSchema-instance"
        xsi:noNamespaceSchemaLocation="urn:magento:framework:Module/etc/module.xsd">
    <module name="Cminds_Supplierfrontendproductuploader" setup_version="1.3.3">
        <sequence>
            <module name="Magento_Store"/>
            <module name="Magento_Backend"/>
            <module name="Magento_MediaStorage"/>
            <module name="Magento_Config"/>
            <module name="Magento_Customer"/>
            <module name="Magento_Catalog"/>
            <module name="Magento_Eav"/>
            <module name="Magento_Sales"/>
        </sequence>
    </module>
</config>
