<?xml version="1.0"?>

<config xmlns:xsi="http://www.w3.org/2001/XMLSchema-instance"
        xsi:noNamespaceSchemaLocation="urn:magento:framework:ObjectManager/etc/config.xsd">
    <preference for="Magento\Tax\Helper\Data"
                type="Cminds\Marketplace\Helper\Tax\Data" />
    <type name="Magento\Quote\Model\Quote\Address\RateResult\Method">
        <plugin name="removePriceRounding"
                type="Cminds\Marketplace\Model\Plugin\Quote\Address\RateResult\Method"
                sortOrder="10"/>
    </type>
    <type name="Magento\OfflinePayments\Block\Info\Checkmo">
        <plugin name="MarketplaceCheckmo"
            type="Cminds\Marketplace\Block\Plugin\Info\CheckmoPlugin"
            sortOrder="10"/>
    </type>
    <type name="Magento\Sales\Model\Order\Email\Container\InvoiceIdentity">
        <plugin name="MarketplaceChangeSupplierInvoiceEmail"
                type="Cminds\Marketplace\Model\Plugin\Order\Email\InvoiceIdentityPlugin"
                sortOrder="10"/>
    </type>
</config>
