<?xml version="1.0"?>
<config xmlns:xsi="http://www.w3.org/2001/XMLSchema-instance"
        xsi:noNamespaceSchemaLocation="urn:magento:framework:Event/etc/events.xsd">
    <event name="sales_model_service_quote_submit_success">
        <observer name="cminds_sales_save_commission"
                  instance="Cminds\Marketplace\Observer\SaveCommission"/>
    </event>
    <event name="checkout_onepage_controller_success_action">
        <observer name="cminds_marketplace_order_place_after"
                  instance="Cminds\Marketplace\Observer\Checkout\Order\PlaceAfter"/>
    </event>
    <event name="checkout_submit_before">
        <observer name="cminds_marketplace_checkout_submit_before"
                  instance="Cminds\Marketplace\Observer\Checkout\Quote\SubmitBefore"/>
    </event>
    <event name="sales_order_save_commit_after">
        <observer name="cminds_marketplace_sales_order_save_commit_after"
                  instance="Cminds\Marketplace\Observer\Sales\Order\CommitAfter"/>
    </event>
    <event name="controller_action_predispatch_checkout_index_index">
        <observer name="cminds_marketplace_cart_save_after"
                  instance="Cminds\Marketplace\Observer\Checkout\UpdateShippingMethods"/>
    </event>
    <event name="email_invoice_set_template_vars_before">
        <observer name="cminds_marketplace_add_additional_invoice_email_template_vars"
                  instance="Cminds\Marketplace\Observer\Sales\Invoice\Email\AddEmailTemplateVars"/>
    </event>
</config>
