<?xml version="1.0"?>



<routes xmlns:xsi="http://www.w3.org/2001/XMLSchema-instance"
        xsi:noNamespaceSchemaLocation="urn:magento:module:Magento_Webapi:etc/webapi.xsd">


    <route url="/V1/myfirstapi" method="GET">
        <service class="Mymodule\TestRestapi\Api\MyFirstApiInterface" method="customGetFunction"/>
        <resources>
            <resource ref="anonymous" />
        </resources>
    </route>


    <route url="/V1/myfirstapi/:name" method="GET">
        <service class="Mymodule\TestRestapi\Api\MyFirstApiInterface" method="functionWithParam"/>
        <resources>
            <resource ref="anonymous" />
        </resources>
    </route>


    <route url="/V1/myfirstapi" method="POST">
        <service class="Mymodule\TestRestapi\Api\MyFirstApiInterface" method="functionPostParam"/>
        <resources>
            <resource ref="anonymous" />
        </resources>
    </route>

    
 </routes>   