<?xml version="1.0"?>
<config xmlns:xsi="http://www.w3.org/2001/XMLSchema-instance"
        xsi:noNamespaceSchemaLocation="urn:magento:framework:ObjectManager/etc/config.xsd">
    <preference
            for="Magento\Catalog\Block\Adminhtml\Product\Attribute\Set\Main\Formset"
            type="Cminds\Supplierfrontendproductuploader\Block\Adminhtml\Catalog\Products\Attribute\Set\Edit\Formset"/>

    <type name="Magento\Customer\Model\Customer\DataProviderWithDefaultAddresses">
        <plugin name="changeSubmitUrlIsSupplier"
                type="Cminds\Supplierfrontendproductuploader\Ui\Customer\Plugin\DataProviderWithDefaultAddresses"
                sortOrder="100"/>
    </type>

    <type name="Magento\Catalog\Block\Adminhtml\Product\Edit\Button\Back">
        <plugin name="cmindsSupplierProductEditBackButton"
                type="Cminds\Supplierfrontendproductuploader\Block\Adminhtml\Plugin\Catalog\Product\Edit\Button\Back\Plugin"
                sortOrder="10"/>
    </type>
    <type name="Magento\Customer\Block\Adminhtml\Edit\BackButton">
        <plugin name="cmindsSupplierEditBackButton"
                type="Cminds\Supplierfrontendproductuploader\Block\Adminhtml\Plugin\Customer\Edit\BackButton\Plugin"
                sortOrder="10"/>
    </type>
</config>
