<config xmlns:xsi="http://www.w3.org/2001/XMLSchema-instance" xsi:noNamespaceSchemaLocation="urn:magento:module:Magento_Config:etc/system_file.xsd">
<system>
 <tab id="humanitarian" translate="label" sortOrder="200">
           <label>Humanitarian</label>
        </tab>
<section id="dbconnection" translate="label" type="text" sortOrder="150" showInDefault="1" showInWebsite="1" showInStore="1">
<class>separator-top</class>
<label>Db Connection</label>
<tab>humanitarian</tab>
<resource>Epay_Humanitarian::configuration</resource>
<group id="configure" translate="label" type="text" sortOrder="10" showInDefault="1" showInWebsite="0" showInStore="0">
<label>General</label>
<field id="enable" translate="label" type="select" sortOrder="1" showInDefault="1" showInWebsite="0" showInStore="0">
<label>Enable</label>
<source_model>Magento\Config\Model\Config\Source\Yesno</source_model>
</field>
<field id="hostname" translate="label" type="text" sortOrder="2" showInDefault="1" showInWebsite="0" showInStore="0">
<label>Host Name</label>
</field>
<field id="dbname" translate="label" type="text" sortOrder="3" showInDefault="1" showInWebsite="0" showInStore="0">
<label>Db Name</label>
</field>
<field id="username" translate="label" type="text" sortOrder="4" showInDefault="1" showInWebsite="0" showInStore="0">
<label>User Name</label>
</field>
<field id="password" translate="label" type="text" sortOrder="5" showInDefault="1" showInWebsite="0" showInStore="0">
<label>Password</label>
</field>
</group>
</section>
</system>
</config>