<?xml version="1.0"?>

<config xmlns:xsi="http://www.w3.org/2001/XMLSchema-instance" xsi:noNamespaceSchemaLocation="urn:magento:module:Magento_Config:etc/system_file.xsd">
    <system>
        <section id="system">
            <group id="supplier_product_min_qnt" sortOrder="999" translate="label comment" showInDefault="1" showInWebsite="0" showInStore="0">
                <label>Supplier Product Min Quantity</label>             
                 <field id="min_qnt" translate="label comment" type="text" sortOrder="20" showInDefault="1" showInWebsite="0" showInStore="0">
                <label>Min_Qnt</label>
               </field>               
                </group>
        </section>
    </system>
</config>