<?xml version="1.0"?>
<!--
/**
 * Cminds Marketplace frontend di config.
 *
 * @category Cminds
 * @package  Cminds_Marketplace
 * @author   Piotr Pierzak <piotrek.pierzak@gmail.com>
 */
-->
<config xmlns:xsi="http://www.w3.org/2001/XMLSchema-instance"
        xsi:noNamespaceSchemaLocation="urn:magento:framework:ObjectManager/etc/config.xsd">
    <type name="Magento\Checkout\Model\CompositeConfigProvider">
        <arguments>
            <argument name="configProviders" xsi:type="array">
                <item name="additional_provider" xsi:type="object">Cminds\Marketplace\Model\CheckoutConfigProvider</item>
            </argument>
        </arguments>
    </type>
    <type name="Cminds\Supplierfrontendproductuploader\Controller\Product\Save">
        <plugin name="supplierProductBeforeSave"
                type="Cminds\Marketplace\Model\Plugin\Supplierfrontendproductuploader\Controller\Product\SavePlugin"/>
    </type>
    <type name="Magento\Catalog\Model\Product">
        <plugin name="catalogProductAfterSave"
                type="Cminds\Marketplace\Model\Plugin\Catalog\Product\SavePlugin"/>
    </type>
    <type name="Magento\Customer\Model\AccountManagement">
        <plugin name="beforeSupplierCreate"
                type="Cminds\Marketplace\Model\Plugin\SupplierCreate"/>
    </type>
</config>