<?xml version="1.0"?>
<config xmlns:xsi="http://www.w3.org/2001/XMLSchema-instance"
        xsi:noNamespaceSchemaLocation="urn:magento:framework:Module/etc/module.xsd">
    <module name="Cminds_Marketplace" setup_version="1.3.3">
        <sequence>
            <module name="Magento_Config"/>
            <module name="Magento_Catalog"/>
            <module name="Magento_Sales"/>
            <module name="Magento_Eav"/>
            <module name="Cminds_Supplierfrontendproductuploader"/>
        </sequence>
    </module>
</config>
