<?xml version="1.0"?>
<config xmlns:xsi="http://www.w3.org/2001/XMLSchema-instance" 
        xsi:noNamespaceSchemaLocation="../../../../Magento/Backend/etc/system_file.xsd">
    <system>
        <tab id="andaazfashion" translate="label" sortOrder="400">
            <label>Andaaz Fashion</label>
        </tab>
        <section id="siteoffer" translate="label" type="text" sortOrder="40" showInDefault="1" 
                 showInWebsite="1" showInStore="1">
            <class>separator-top</class>
            <label>Site Offer</label>
            <tab>andaazfashion</tab>
            <resource>AndaazFashion_Siteoffer::site_offer</resource>
            <group id="topsiteoffer" translate="label" type="text" sortOrder="20" showInDefault="1" 
                   showInWebsite="1" showInStore="1">
                <label>Primary Offer</label>
                <field id="enable" translate="label" type="select" sortOrder="1" showInDefault="1" 
                       showInWebsite="1" showInStore="1">
                    <label>Enable</label> 
                    <source_model>Magento\Config\Model\Config\Source\Yesno</source_model>
                </field>
                <field id="shipping_offer_text" translate="label" type="text" sortOrder="3" showInDefault="1" 
                        showInWebsite="1" showInStore="0">
                    <label>Free shipping offer text</label>
                    <comment><![CDATA[ Enter Secondary offer text.]]></comment>
                </field>
                <field id="shipping_offer_amount" translate="label" type="text" sortOrder="2" showInDefault="1" 
                       showInWebsite="1" showInStore="0">
                    <label>Free shipping offer amount</label>
                    <comment><![CDATA[ Enter the offer amount here.]]></comment>
                </field>
                <field id="coupon_offer_text" translate="label" type="text" sortOrder="3" showInDefault="1" 
                       showInWebsite="1" showInStore="0">
                    <label>Coupon offer text</label>
                    <comment><![CDATA[ Enter Secondary offer text.]]></comment>
                </field>
            </group>
        </section>
    </system>
</config>
